"","14226","14307","14435","14503","14651","14852","14858","14871","14921","15015","15021","15408","15424","20100","20101","20146","20330","20707","20713","20717","20730","20735","20919","20923","20930","21112","21133","21166","21173","21301","21338","29142","29147","29345","29386","29389","29534","29548","29566","29722","29732","29735","29754","29924","29935","29940","39310","40300","40304","40305","40700","40701","40702","40703","40704","40705","40707","40902","40906","40908","40909","40910","40915","40916","41101","41102","41104","41107","41110","41111","41112","41300","41301","41302","41303","41304","41305","41308","41500","41501","41502","41503","41504","41505","41700","41701","41702","41703","49308","49703","49706","94659","49300"
"14226",0,588,704,24,490,28,626,692,34,510,592,588,46,52,28,30,618,584,654,402,78,750,32,586,608,48,36,42,32,44,44,588,734,36,36,622,30,28,40,46,602,32,34,626,32,604,618,74,32,28,570,452,514,584,604,48,36,40,544,716,476,524,348,514,650,36,150,36,108,28,620,472,740,28,390,48,546,680,30,32,30,48,22,34,580,710,558,42,626,106,34,32,554
"14307",588,0,132,572,96,568,76,102,572,98,64,46,598,604,578,570,42,42,92,194,554,182,588,88,76,580,576,614,590,600,594,66,180,606,568,68,588,580,554,566,86,572,584,86,600,48,56,532,552,578,44,132,78,48,66,580,598,614,68,138,110,80,262,76,78,580,598,578,630,608,78,132,178,594,212,590,74,134,584,594,604,618,564,580,98,156,52,590,56,508,604,574,72
"14435",704,132,0,698,222,694,112,78,700,218,122,138,726,692,700,694,110,140,106,324,662,54,702,154,116,700,700,732,712,726,710,134,68,718,696,112,714,686,672,688,140,698,712,126,714,122,104,650,668,706,158,254,204,148,114,680,716,728,172,50,244,196,388,194,104,696,666,704,708,718,110,260,48,718,346,698,180,66,696,710,718,720,684,694,132,40,162,702,104,636,716,702,116
"14503",24,572,698,0,474,12,612,678,18,490,584,574,30,68,16,22,604,570,648,386,66,750,28,568,590,36,20,42,24,40,48,576,736,36,24,608,18,28,32,34,584,20,22,612,44,586,604,58,18,16,554,448,498,562,590,56,28,44,526,720,456,514,336,494,636,30,166,16,120,40,606,456,740,32,370,52,528,678,24,24,34,58,14,22,570,710,544,50,604,94,42,20,550
"14651",490,96,222,474,0,468,140,188,476,66,136,108,500,514,478,470,126,104,178,124,480,280,486,100,128,488,482,516,492,498,510,112,268,502,468,132,488,482,458,476,116,468,484,146,506,116,134,438,458,478,82,70,74,94,120,488,498,510,60,234,56,68,174,68,154,482,550,474,564,512,142,74,268,490,120,494,82,226,488,494,500,512,464,480,124,238,72,488,138,410,504,476,124
"14852",28,568,694,12,468,0,604,670,10,484,578,568,30,72,8,18,598,566,642,376,74,744,24,564,584,44,16,46,24,32,52,570,728,40,22,604,14,20,20,34,580,12,18,604,40,582,600,54,14,4,548,442,498,558,586,52,32,48,522,710,450,510,326,488,628,24,168,12,128,40,600,450,734,32,364,52,522,672,26,20,38,58,10,18,562,706,540,54,600,84,42,8,542
"14858",626,76,112,612,140,604,0,110,610,128,70,60,640,634,618,604,66,74,102,236,596,152,628,106,60,624,614,656,628,642,642,54,152,646,610,56,628,616,592,612,92,612,624,62,640,60,58,570,590,618,70,168,142,70,48,622,636,654,90,124,150,116,296,124,58,614,658,616,686,648,58,166,138,634,252,628,84,112,618,634,644,648,604,612,92,126,78,628,50,548,644,616,80
"14871",692,102,78,678,188,670,110,0,678,192,108,118,706,688,680,678,92,116,122,294,652,104,686,140,96,686,680,718,694,708,696,126,108,706,674,90,694,672,648,664,126,676,690,98,700,102,82,632,650,684,136,234,176,124,106,670,700,714,150,70,212,172,352,158,102,674,640,682,712,706,116,228,112,700,316,698,156,112,688,692,710,718,670,678,122,106,140,686,80,610,702,680,116
"14921",34,572,700,18,476,10,610,678,0,488,584,574,32,70,18,24,604,570,648,392,76,750,26,568,590,46,18,48,26,38,58,574,734,46,30,608,16,26,26,40,584,18,20,612,42,586,604,64,20,10,552,454,496,566,590,58,34,54,526,716,454,518,342,492,636,30,168,22,126,42,606,454,740,38,380,54,528,678,32,26,40,60,12,24,566,712,544,56,604,96,44,18,548
"15015",510,98,218,490,66,484,128,192,488,0,116,96,516,530,498,490,116,108,178,142,508,272,506,98,124,508,492,532,510,518,522,94,262,522,488,124,502,494,474,492,112,490,504,138,520,108,114,462,474,494,84,94,88,86,108,508,514,530,58,228,68,68,198,48,156,500,562,494,586,528,130,70,262,510,146,520,82,218,510,510,520,532,486,496,128,232,68,512,118,434,520,492,118
"15021",592,64,122,584,136,578,70,108,584,116,0,58,612,598,590,580,54,74,108,234,566,158,596,122,82,588,592,628,598,608,600,88,162,610,580,66,596,586,560,574,106,584,596,80,602,66,70,540,562,590,80,162,126,76,80,586,606,620,96,132,148,118,286,116,86,586,594,590,630,608,76,162,164,600,240,592,100,134,590,602,614,624,576,588,112,142,86,590,60,520,612,586,82
"15408",588,46,138,574,108,568,60,118,574,96,58,0,602,602,580,570,36,52,110,198,560,190,590,92,76,588,578,618,590,604,600,54,188,606,572,64,590,580,554,574,92,574,586,82,600,54,52,530,556,580,46,138,100,46,60,584,600,616,70,146,110,80,254,86,72,582,608,580,640,606,78,130,180,596,214,592,66,148,584,596,606,618,566,576,98,154,60,590,50,506,606,578,66
"15424",46,598,726,30,500,30,640,706,32,516,612,602,0,42,26,36,630,598,670,408,62,778,38,596,618,42,26,20,26,22,46,600,758,34,34,636,28,26,44,30,610,26,16,640,26,614,632,76,38,30,580,470,524,590,616,52,18,30,552,744,482,542,358,520,664,32,144,26,106,26,632,482,768,32,396,46,556,702,26,26,32,36,26,32,592,738,572,56,632,108,28,26,576
"20100",52,604,692,68,514,72,634,688,70,530,598,602,42,0,64,74,634,600,650,438,84,736,64,602,620,64,68,26,48,52,48,602,724,40,76,630,64,56,64,54,606,66,54,638,36,616,626,102,70,68,586,472,538,598,612,64,44,32,558,706,502,544,384,532,654,58,110,64,78,36,626,492,726,50,424,50,566,674,54,60,48,42,62,66,590,702,582,54,634,136,42,68,552
"20101",28,578,700,16,478,8,618,680,18,498,590,580,26,64,0,22,610,576,650,390,66,752,32,574,600,40,20,42,20,28,48,580,738,36,22,614,18,16,28,34,590,12,10,618,48,592,614,58,22,12,558,452,506,572,596,58,26,44,532,720,464,524,336,502,642,28,158,8,124,44,612,460,742,30,378,44,534,686,24,26,34,54,14,14,572,714,550,52,614,90,40,16,554
"20146",30,570,694,22,470,18,604,678,24,490,580,570,36,74,22,0,600,568,644,378,60,744,22,564,584,36,22,52,30,38,62,566,728,42,18,604,20,30,38,44,580,14,28,606,46,588,604,56,18,22,550,438,496,562,582,64,38,54,528,710,456,514,330,494,628,26,172,22,126,42,598,454,734,34,366,50,528,676,20,30,36,56,16,24,562,704,540,52,604,84,44,22,550
"20330",618,42,110,604,126,598,66,92,604,116,54,36,630,634,610,600,0,58,92,226,582,158,620,90,62,612,608,648,620,634,626,66,164,638,600,56,620,606,578,596,88,604,616,68,628,54,50,560,582,610,62,162,112,58,56,618,630,646,86,122,142,100,284,94,68,612,640,608,670,640,56,158,152,626,246,622,84,114,614,626,636,648,596,608,90,130,66,620,40,536,636,606,80
"20707",584,42,140,570,104,566,74,116,570,108,74,52,598,600,576,568,58,0,116,200,558,188,586,108,74,582,572,614,586,600,596,72,192,604,568,80,584,580,554,568,100,570,582,86,596,68,68,526,550,576,48,136,92,58,72,584,596,612,80,156,112,80,262,92,72,576,608,576,634,606,84,136,182,592,214,588,72,144,578,592,602,614,562,572,84,156,70,586,66,502,602,574,66
"20713",654,92,106,648,178,642,102,122,648,178,108,110,670,650,650,644,92,116,0,280,614,146,660,122,98,652,648,680,660,672,658,114,140,668,644,86,664,642,622,638,98,642,656,118,662,102,86,606,620,654,122,214,162,110,96,648,668,678,136,118,202,156,348,148,106,650,662,648,690,676,106,220,136,668,302,652,154,102,654,666,668,676,642,638,114,116,122,656,98,584,668,650,116
"20717",402,194,324,386,124,376,236,294,392,142,234,198,408,438,390,378,226,200,280,0,404,382,394,192,220,400,386,424,406,402,426,200,370,410,380,230,392,390,374,402,200,372,400,238,414,210,222,364,374,386,174,88,158,180,212,398,410,418,160,336,126,158,92,144,260,392,490,386,490,416,234,136,372,398,54,414,160,324,394,398,408,424,374,388,210,342,170,404,222,338,416,384,218
"20730",78,554,662,66,480,74,596,652,76,508,566,560,62,84,66,60,582,558,614,404,0,712,70,562,572,60,66,76,58,66,72,564,700,74,66,584,68,68,78,70,570,64,64,586,76,570,590,86,70,74,546,458,492,570,580,100,74,74,530,682,472,512,350,490,614,64,162,60,116,82,584,460,702,68,382,66,524,640,50,78,68,88,68,76,566,676,544,88,590,108,84,82,560
"20735",750,182,54,750,280,744,152,104,750,272,158,190,778,736,752,744,158,188,146,382,712,0,750,198,158,748,752,784,762,774,758,190,56,766,748,160,762,736,716,736,184,750,764,154,760,176,160,698,716,758,216,304,258,206,170,724,764,776,228,54,298,252,442,250,132,742,696,754,746,764,158,318,22,766,404,742,230,48,742,758,770,768,736,746,176,46,218,744,158,684,764,752,170
"20919",32,588,702,28,486,24,628,686,26,506,596,590,38,64,32,22,620,586,660,394,70,750,0,580,606,28,24,42,32,28,48,590,736,32,32,624,22,22,40,42,596,20,30,628,38,602,616,58,22,24,566,446,514,578,606,48,30,40,542,718,472,528,342,510,652,28,162,24,108,36,624,468,740,24,378,44,546,684,22,26,30,50,16,34,588,712,562,44,620,90,28,28,552
"20923",586,88,154,568,100,564,106,140,568,98,122,92,596,602,574,564,90,108,122,192,562,198,580,0,92,584,572,612,588,594,602,100,194,598,564,74,584,578,546,568,40,564,580,116,608,98,84,530,548,574,78,132,110,74,104,580,594,606,74,168,112,110,254,92,116,576,626,570,650,608,120,144,188,586,210,588,86,150,578,590,596,610,562,566,124,164,68,584,84,500,600,572,120
"20930",608,76,116,590,128,584,60,96,590,124,82,76,618,620,600,584,62,74,98,220,572,158,606,92,0,602,592,634,606,620,612,84,156,624,590,56,606,594,572,584,74,590,606,26,616,72,54,556,574,596,92,162,116,80,68,606,616,632,90,118,136,100,286,92,76,594,632,596,666,626,62,152,148,612,236,610,80,118,594,612,622,636,584,594,90,118,78,610,52,534,622,594,90
"21112",48,580,700,36,488,44,624,686,46,508,588,588,42,64,40,36,612,582,652,400,60,748,28,584,602,0,40,50,40,40,36,590,730,40,40,616,38,36,52,42,596,32,38,624,58,594,612,56,40,44,568,450,504,582,606,74,36,44,544,712,474,528,352,500,644,46,162,32,114,52,610,470,738,30,380,48,544,678,18,44,34,54,32,36,590,712,564,62,612,106,42,48,560
"21133",36,576,700,20,482,16,614,680,18,492,592,578,26,68,20,22,608,572,648,386,66,752,24,572,592,40,0,42,24,32,52,578,736,40,28,612,14,24,32,42,588,20,18,614,40,588,606,66,26,16,556,450,500,566,592,54,32,48,530,718,464,518,336,496,640,24,164,20,120,36,606,458,742,32,370,48,530,682,26,28,34,54,12,26,568,712,546,54,606,98,46,24,552
"21166",42,614,732,42,516,46,656,718,48,532,628,618,20,26,42,52,648,614,680,424,76,784,42,612,634,50,42,0,30,34,34,618,768,26,50,652,44,32,54,34,626,40,36,656,20,630,640,92,50,42,596,482,540,606,634,52,26,18,568,750,498,550,374,536,680,38,128,38,90,22,650,498,774,32,408,50,572,706,36,38,28,32,36,48,614,744,588,56,648,124,24,42,580
"21173",32,590,712,24,492,24,628,694,26,510,598,590,26,48,20,30,620,586,660,406,58,762,32,588,606,40,24,30,0,32,40,590,744,28,32,624,26,24,34,30,604,22,18,628,32,606,624,70,28,20,572,462,512,582,606,64,28,32,546,730,474,530,356,514,648,20,142,16,108,40,622,476,752,26,390,24,548,684,26,40,26,48,18,26,586,722,560,46,624,102,42,32,564
"21301",44,600,726,40,498,32,642,708,38,518,608,604,22,52,28,38,634,600,672,402,66,774,28,594,620,40,32,34,32,0,48,604,758,24,42,638,30,22,38,40,608,28,26,642,34,616,634,74,40,32,578,460,526,592,620,46,24,28,554,740,484,544,352,522,666,32,150,24,104,32,636,480,764,26,390,44,558,698,26,28,34,40,28,38,596,734,574,58,634,106,38,28,570
"21338",44,594,710,48,510,52,642,696,58,522,600,600,46,48,48,62,626,596,658,426,72,758,48,602,612,36,52,34,40,48,0,612,742,36,58,630,50,40,58,34,614,50,46,634,42,608,618,82,60,48,586,468,518,596,628,66,40,28,558,724,488,532,372,518,662,46,130,44,88,44,628,488,748,30,406,44,558,682,36,52,34,40,46,58,608,718,578,54,626,122,38,60,566
"29142",588,66,134,576,112,570,54,126,574,94,88,54,600,602,580,566,66,72,114,200,564,190,590,100,84,590,578,618,590,604,612,0,186,608,572,66,590,578,554,582,98,574,586,96,604,64,60,538,558,580,58,142,118,52,26,588,600,616,72,156,116,102,258,96,84,584,634,578,664,610,80,136,176,596,218,596,84,150,582,594,606,610,566,578,78,150,62,590,60,514,606,578,90
"29147",734,180,68,736,268,728,152,108,734,262,162,188,758,724,738,728,164,192,140,370,700,56,736,194,156,730,736,768,744,758,742,186,0,750,732,160,744,714,704,720,180,732,748,152,742,174,164,686,704,742,214,294,248,200,170,704,748,756,228,50,296,244,434,234,146,724,666,736,732,748,160,308,64,750,392,732,228,76,728,740,754,752,720,722,190,68,216,732,164,672,748,738,170
"29345",36,606,718,36,502,40,646,706,46,522,610,606,34,40,36,42,638,604,668,410,74,766,32,598,624,40,40,26,28,24,36,608,750,0,48,642,38,32,48,36,612,30,34,646,32,620,630,78,46,40,582,464,530,596,624,52,24,12,558,732,488,540,360,526,670,40,140,28,92,30,640,484,756,30,394,34,562,690,26,32,28,26,34,40,604,726,578,46,638,114,30,36,564
"29386",36,568,696,24,468,22,610,674,30,488,580,572,34,76,22,18,600,568,644,380,66,748,32,564,590,40,28,50,32,42,58,572,732,48,0,604,30,26,38,42,580,24,26,614,52,588,602,60,26,26,550,446,496,560,588,64,40,54,524,714,456,512,330,490,632,34,178,22,136,48,602,458,738,34,372,60,530,676,28,36,38,62,18,26,564,708,540,66,602,88,46,26,550
"29389",622,68,112,608,132,604,56,90,608,124,66,64,636,630,614,604,56,80,86,230,584,160,624,74,56,616,612,652,624,638,630,66,160,642,604,0,624,614,584,600,72,608,620,66,636,48,38,566,584,614,70,170,120,62,58,620,634,650,90,130,142,108,292,106,76,612,644,614,674,644,66,158,146,630,246,624,96,114,614,630,640,652,600,608,90,122,78,624,38,544,640,610,92
"29534",30,588,714,18,488,14,628,694,16,502,596,590,28,64,18,20,620,584,664,392,68,762,22,584,606,38,14,44,26,30,50,590,744,38,30,624,0,24,34,44,600,18,20,626,34,602,620,66,24,14,568,454,512,578,606,56,26,46,540,730,468,530,342,506,652,18,164,22,122,34,622,470,752,30,380,44,544,690,24,22,36,50,12,24,582,722,560,48,620,96,40,22,558
"29548",28,580,686,28,482,20,616,672,26,494,586,580,26,56,16,30,606,580,642,390,68,736,22,578,594,36,24,32,24,22,40,578,714,32,26,614,24,0,36,42,594,20,18,616,40,592,602,66,26,20,562,452,506,572,594,50,32,36,538,706,464,512,336,498,644,30,154,16,116,32,608,460,728,26,378,48,532,662,28,36,28,46,14,22,570,700,554,58,610,94,34,24,544
"29566",40,554,672,32,458,20,592,648,26,474,560,554,44,64,28,38,578,554,622,374,78,716,40,546,572,52,32,54,34,38,58,554,704,48,38,584,34,36,0,40,560,32,34,594,44,564,582,58,30,24,538,438,482,542,568,54,50,52,508,694,442,498,324,480,608,36,162,28,116,50,580,442,710,40,360,62,508,656,36,38,42,60,28,34,542,688,524,64,582,88,56,26,530
"29722",46,566,688,34,476,34,612,664,40,492,574,574,30,54,34,44,596,568,638,402,70,736,42,568,584,42,42,34,30,40,34,582,720,36,42,600,44,42,40,0,578,28,28,602,38,580,600,64,38,34,552,446,490,566,598,56,32,36,530,704,462,516,350,494,632,36,138,26,98,42,604,456,726,32,386,46,532,666,34,40,32,42,36,40,578,700,548,54,598,96,34,36,550
"29732",602,86,140,584,116,580,92,126,584,112,106,92,610,606,590,580,88,100,98,200,570,184,596,40,74,596,588,626,604,608,614,98,180,612,580,72,600,594,560,578,0,580,596,94,616,88,78,540,566,590,86,144,124,74,86,596,608,620,78,150,126,122,270,110,92,592,640,586,664,622,100,156,174,602,228,598,100,142,592,604,612,624,576,582,106,150,70,600,78,516,614,586,104
"29735",32,572,698,20,468,12,612,676,18,490,584,574,26,66,12,14,604,570,642,372,64,750,20,564,590,32,20,40,22,28,50,574,732,30,24,608,18,20,32,28,580,0,18,612,42,586,604,58,18,16,548,438,496,562,590,58,28,42,524,714,454,514,322,492,636,26,162,12,124,44,608,450,740,26,362,42,528,674,20,24,26,48,14,14,566,710,544,52,604,88,34,16,548
"29754",34,584,712,22,484,18,624,690,20,504,596,586,16,54,10,28,616,582,656,400,64,764,30,580,606,38,18,36,18,26,46,586,748,34,26,620,20,18,34,28,596,18,0,624,42,598,620,60,28,18,564,458,512,578,602,58,22,42,538,730,470,530,346,508,648,30,156,14,118,38,618,466,754,32,388,38,540,692,26,30,32,44,14,20,578,724,556,52,620,92,36,22,562
"29924",626,86,126,612,146,604,62,98,612,138,80,82,640,638,618,606,68,86,118,238,586,154,628,116,26,624,614,656,628,642,634,96,152,646,614,66,626,616,594,602,94,612,624,0,638,76,72,576,592,618,104,172,124,96,82,622,638,654,112,114,156,130,302,118,74,614,642,616,684,648,80,168,148,634,256,626,98,116,618,634,644,652,608,616,100,134,96,628,64,550,644,616,106
"29935",32,600,714,44,506,40,640,700,42,520,602,600,26,36,48,46,628,596,662,414,76,760,38,608,616,58,40,20,32,34,42,604,742,32,52,636,34,40,44,38,616,42,42,638,0,618,628,88,44,36,586,472,528,596,620,40,36,24,556,728,490,538,366,522,662,24,128,48,80,16,632,492,754,36,404,48,562,690,36,32,34,34,36,52,600,724,574,50,634,118,30,36,566
"29940",604,48,122,586,116,582,60,102,586,108,66,54,614,616,592,588,54,68,102,210,570,176,602,98,72,594,588,630,606,616,608,64,174,620,588,48,602,592,564,580,88,586,598,76,618,0,44,546,562,592,62,154,108,56,50,598,612,628,78,144,124,88,270,86,86,598,618,592,656,626,74,138,162,608,226,606,66,126,600,608,618,630,580,594,96,142,72,606,42,524,618,588,90
"39310",618,56,104,604,134,600,58,82,604,114,70,52,632,626,614,604,50,68,86,222,590,160,616,84,54,612,606,640,624,634,618,60,164,630,602,38,620,602,582,600,78,604,620,72,628,44,0,566,584,610,64,166,126,48,48,608,630,638,80,124,140,94,288,92,80,614,640,610,672,636,76,160,152,626,244,628,88,112,614,626,632,640,596,604,86,126,72,624,14,542,628,606,68
"40300",74,532,650,58,438,54,570,632,64,462,540,530,76,102,58,56,560,526,606,364,86,698,58,530,556,56,66,92,70,74,82,538,686,78,60,566,66,66,58,64,540,58,60,576,88,546,566,0,52,58,516,412,460,538,554,98,78,86,494,672,428,478,310,456,584,68,196,54,146,90,562,420,692,66,344,82,494,638,58,74,76,96,58,64,538,668,512,80,564,46,80,58,518
"40304",32,552,668,18,458,14,590,650,20,474,562,556,38,70,22,18,582,550,620,374,70,716,22,548,574,40,26,50,28,40,60,558,704,46,26,584,24,26,30,38,566,18,28,592,44,562,584,52,0,18,536,428,476,546,572,50,38,58,510,690,440,498,324,476,614,32,168,22,124,46,584,442,708,38,358,56,512,646,34,30,40,68,16,20,550,684,526,58,582,80,44,18,532
"40305",28,578,706,16,478,4,618,684,10,494,590,580,30,68,12,22,610,576,654,386,74,758,24,574,596,44,16,42,20,32,48,580,742,40,26,614,14,20,24,34,590,16,18,618,36,592,610,58,18,0,558,452,502,568,596,56,28,44,532,724,460,520,336,498,642,20,166,16,124,36,612,460,748,28,374,48,534,684,30,24,34,54,10,22,572,718,550,50,610,90,38,12,554
"40700",570,44,158,554,82,548,70,136,552,84,80,46,580,586,558,550,62,48,122,174,546,216,566,78,92,568,556,596,572,578,586,58,214,582,550,70,568,562,538,552,86,548,564,104,586,62,64,516,536,558,0,114,104,28,62,568,578,590,56,174,86,78,244,82,92,560,610,554,630,592,80,114,202,570,186,574,64,166,568,574,580,592,544,556,94,174,50,568,64,484,584,556,58
"40701",452,132,254,448,70,442,168,234,454,94,162,138,470,472,452,438,162,136,214,88,458,304,446,132,162,450,450,482,462,460,468,142,294,464,446,170,454,452,438,446,144,438,458,172,472,154,166,412,428,452,114,0,94,128,152,450,458,472,102,260,86,110,138,98,194,448,512,448,528,470,178,96,294,452,108,452,116,252,448,456,466,472,438,454,148,264,110,446,166,382,466,450,154
"40702",514,78,204,498,74,498,142,176,496,88,126,100,524,538,506,496,112,92,162,158,492,258,514,110,116,504,500,540,512,526,518,118,248,530,496,120,512,506,482,490,124,496,512,124,528,108,126,460,476,502,104,94,0,110,136,512,522,538,82,216,74,76,218,68,142,510,540,504,566,532,142,90,248,518,152,526,90,202,506,518,528,540,492,504,124,228,76,516,126,438,528,500,130
"40703",584,48,148,562,94,558,70,124,566,86,76,46,590,598,572,562,58,58,110,180,570,206,578,74,80,582,566,606,582,592,596,52,200,596,560,62,578,572,542,566,74,562,578,96,596,56,48,538,546,568,28,128,110,0,54,576,588,604,56,164,104,86,258,88,90,576,626,568,654,602,84,136,196,584,208,592,72,154,582,584,594,606,554,566,86,166,54,586,48,506,594,566,64
"40704",604,66,114,590,120,586,48,106,590,108,80,60,616,612,596,582,56,72,96,212,580,170,606,104,68,606,592,634,606,620,628,26,170,624,588,58,606,594,568,598,86,590,602,82,620,50,48,554,572,596,62,152,136,54,0,604,616,632,66,136,130,104,272,102,72,596,650,594,678,626,60,150,156,612,234,610,82,132,602,610,622,626,582,598,64,130,54,606,48,530,622,594,70
"40705",48,580,680,56,488,52,622,670,58,508,586,584,52,64,58,64,618,584,648,398,100,724,48,580,606,74,54,52,64,46,66,588,704,52,64,620,56,50,54,56,596,58,58,622,40,598,608,98,50,56,568,450,512,576,604,0,54,54,538,688,470,520,348,512,644,56,142,60,98,34,616,474,718,54,386,78,542,668,54,42,56,58,52,62,582,688,558,66,616,126,48,52,534
"40707",36,598,716,28,498,32,636,700,34,514,606,600,18,44,26,38,630,596,668,410,74,764,30,594,616,36,32,26,28,24,40,600,748,24,40,634,26,32,50,32,608,28,22,638,36,612,630,78,38,28,578,458,522,588,616,54,0,28,548,730,480,540,360,518,662,38,138,28,104,28,632,480,754,26,394,40,554,690,28,16,30,34,26,34,596,724,570,42,630,110,14,28,566
"40902",40,614,728,44,510,48,654,714,54,530,620,616,30,32,44,54,646,612,678,418,74,776,40,606,632,44,48,18,32,28,28,616,756,12,54,650,46,36,52,36,620,42,42,654,24,628,638,86,58,44,590,472,538,604,632,54,28,0,566,744,496,548,368,534,678,36,134,36,88,28,648,492,766,22,402,40,570,698,30,40,26,24,42,54,612,736,586,46,646,122,26,44,574
"40906",544,68,172,526,60,522,90,150,526,58,96,70,552,558,532,528,86,80,136,160,530,228,542,74,90,544,530,568,546,554,558,72,228,558,524,90,540,538,508,530,78,524,538,112,556,78,80,494,510,532,56,102,82,56,66,538,548,566,0,190,68,62,222,66,112,538,590,534,610,564,100,100,214,546,170,550,56,188,544,544,556,568,518,534,102,192,26,542,84,464,554,530,74
"40908",716,138,50,720,234,710,124,70,716,228,132,146,744,706,720,710,122,156,118,336,682,54,718,168,118,712,718,750,730,740,724,156,50,732,714,130,730,706,694,704,150,714,730,114,728,144,124,672,690,724,174,260,216,164,136,688,730,744,190,0,256,208,402,204,114,710,660,720,716,730,122,274,62,732,360,708,196,76,710,728,738,734,702,702,154,64,176,714,124,654,730,720,126
"40909",476,110,244,456,56,450,150,212,454,68,148,110,482,502,464,456,142,112,202,126,472,298,472,112,136,474,464,498,474,484,488,116,296,488,456,142,468,464,442,462,126,454,470,156,490,124,140,428,440,460,86,86,74,104,130,470,480,496,68,256,0,84,170,82,172,468,540,460,556,494,152,74,288,476,116,488,72,244,474,476,486,500,448,462,138,258,82,478,144,398,486,458,128
"40910",524,80,196,514,68,510,116,172,518,68,118,80,542,544,524,514,100,80,156,158,512,252,528,110,100,528,518,550,530,544,532,102,244,540,512,108,530,512,498,516,122,514,530,130,538,88,94,478,498,520,78,110,76,86,104,520,540,548,62,208,84,0,214,52,140,522,556,520,580,542,118,86,238,536,154,536,62,194,524,536,542,552,506,520,124,208,68,530,106,454,538,518,102
"40915",348,262,388,336,174,326,296,352,342,198,286,254,358,384,336,330,284,262,348,92,350,442,342,254,286,352,336,374,356,352,372,258,434,360,330,292,342,336,324,350,270,322,346,302,366,270,288,310,324,336,244,138,218,258,272,348,360,368,222,402,170,214,0,206,322,338,452,340,434,364,302,170,432,348,100,356,226,386,344,348,358,374,328,338,266,402,244,356,290,290,366,334,286
"40916",514,76,194,494,68,488,124,158,492,48,116,86,520,532,502,494,94,92,148,144,490,250,510,92,92,500,496,536,514,522,518,96,234,526,490,106,506,498,480,494,110,492,508,118,522,86,92,456,476,498,82,98,68,88,102,512,518,534,66,204,82,52,206,0,146,502,552,498,578,532,122,70,240,514,144,522,66,198,506,514,524,536,488,500,122,214,72,516,96,436,524,496,114
"41101",650,78,104,636,154,628,58,102,636,156,86,72,664,654,642,628,68,72,106,260,614,132,652,116,76,644,640,680,648,666,662,84,146,670,632,76,652,644,608,632,92,636,648,74,662,86,80,584,614,642,92,194,142,90,72,644,662,678,112,114,172,140,322,146,0,634,660,642,690,672,80,196,122,658,276,642,116,98,632,656,664,668,626,636,94,110,96,652,74,568,668,638,78
"41102",36,580,696,30,482,24,614,674,30,500,586,582,32,58,28,26,612,576,650,392,64,742,28,576,594,46,24,38,20,32,46,584,724,40,34,612,18,30,36,36,592,26,30,614,24,598,614,68,32,20,560,448,510,576,596,56,38,36,538,710,468,522,338,502,634,0,148,24,96,34,612,466,738,26,380,36,542,672,30,38,32,46,22,38,572,708,558,46,614,98,48,32,552
"41104",150,598,666,166,550,168,658,640,168,562,594,608,144,110,158,172,640,608,662,490,162,696,162,626,632,162,164,128,142,150,130,634,666,140,178,644,164,154,162,138,640,162,156,642,128,618,640,196,168,166,610,512,540,626,650,142,138,134,590,660,540,556,452,552,660,148,0,164,72,134,646,528,704,152,466,130,590,668,148,150,150,136,160,170,624,684,606,148,648,230,134,166,572
"41107",36,578,704,16,474,12,616,682,22,494,590,580,26,64,8,22,608,576,648,386,60,754,24,570,596,32,20,38,16,24,44,578,736,28,22,614,22,16,28,26,586,12,14,616,48,592,610,54,22,16,554,448,504,568,594,60,28,36,534,720,460,520,340,498,642,24,164,0,124,44,610,456,744,22,370,40,534,682,20,32,26,50,16,18,574,716,550,54,610,86,42,20,554
"41110",108,630,708,120,564,128,686,712,126,586,630,640,106,78,124,126,670,634,690,490,116,746,108,650,666,114,120,90,108,104,88,664,732,92,136,674,122,116,116,98,664,124,118,684,80,656,672,146,124,124,630,528,566,654,678,98,104,88,610,716,556,580,434,578,690,96,72,124,0,88,678,540,748,108,466,88,612,702,98,108,106,92,116,130,646,724,632,102,680,186,100,124,592
"41111",28,608,718,40,512,40,648,706,42,528,608,606,26,36,44,42,640,606,676,416,82,764,36,608,626,52,36,22,40,32,44,610,748,30,48,644,34,32,50,42,622,44,38,648,16,626,636,90,46,36,592,470,532,602,626,34,28,28,564,730,494,542,364,532,672,34,134,44,88,0,642,494,754,32,404,56,568,698,30,28,34,34,32,50,602,724,580,46,644,122,26,36,564
"41112",620,78,110,606,142,600,58,116,606,130,76,78,632,626,612,598,56,84,106,234,584,158,624,120,62,610,606,650,622,636,628,80,160,640,602,66,622,608,580,604,100,608,618,80,632,74,76,562,584,612,80,178,142,84,60,616,632,648,100,122,152,118,302,122,80,612,646,610,678,642,0,168,148,628,256,622,96,124,610,628,638,644,598,602,100,122,80,622,72,542,638,608,90
"41300",472,132,260,456,74,450,166,228,454,70,162,130,482,492,460,454,158,136,220,136,460,318,468,144,152,470,458,498,476,480,488,136,308,484,458,158,470,460,442,456,156,450,466,168,492,138,160,420,442,460,114,96,90,136,150,474,480,492,100,274,74,86,170,70,196,466,528,456,540,494,168,0,304,472,100,476,100,264,472,476,482,496,452,462,150,274,110,470,164,386,486,458,154
"41301",740,178,48,740,268,734,138,112,740,262,164,180,768,726,742,734,152,182,136,372,702,22,740,188,148,738,742,774,752,764,748,176,64,756,738,146,752,728,710,726,174,740,754,148,754,162,152,692,708,748,202,294,248,196,156,718,754,766,214,62,288,238,432,240,122,738,704,744,748,754,148,304,0,756,390,734,220,46,732,748,760,758,724,736,162,36,204,734,152,678,754,742,156
"41302",28,594,718,32,490,32,634,700,38,510,600,596,32,50,30,34,626,592,668,398,68,766,24,586,612,30,32,32,26,26,30,596,750,30,34,630,30,26,40,32,602,26,32,634,36,608,626,66,38,28,570,452,518,584,612,54,26,22,546,732,476,536,348,514,658,26,152,22,108,32,628,472,756,0,382,38,550,690,24,36,12,38,24,36,592,726,566,38,626,98,28,36,562
"41303",390,212,346,370,120,364,252,316,380,146,240,214,396,424,378,366,246,214,302,54,382,404,378,210,236,380,370,408,390,390,406,218,392,394,372,246,380,378,360,386,228,362,388,256,404,226,244,344,358,374,186,108,152,208,234,386,394,402,170,360,116,154,100,144,276,380,466,370,466,404,256,100,390,382,0,398,180,340,382,386,392,412,366,376,224,360,186,388,244,320,400,372,232
"41304",48,590,698,52,494,52,628,698,54,520,592,592,46,50,44,50,622,588,652,414,66,742,44,588,610,48,48,50,24,44,44,596,732,34,60,624,44,48,62,46,598,42,38,626,48,606,628,82,56,48,574,452,526,592,610,78,40,40,550,708,488,536,356,522,642,36,130,40,88,56,622,476,734,38,398,0,550,672,36,52,38,40,40,50,590,704,570,46,628,118,54,60,564
"41305",546,74,180,528,82,522,84,156,528,82,100,66,556,566,534,528,84,72,154,160,524,230,546,86,80,544,530,572,548,558,558,84,228,562,530,96,544,532,508,532,100,528,540,98,562,66,88,494,512,534,64,116,90,72,82,542,554,570,56,196,72,62,226,66,116,542,590,534,612,568,96,100,220,550,180,550,0,180,546,550,560,574,522,536,110,192,46,548,88,464,560,532,86
"41308",680,134,66,678,226,672,112,112,678,218,134,148,702,674,686,676,114,144,102,324,640,48,684,150,118,678,682,706,684,698,682,150,76,690,676,114,690,662,656,666,142,674,692,116,690,126,112,638,646,684,166,252,202,154,132,668,690,698,188,76,244,194,386,198,98,672,668,682,702,698,124,264,46,690,340,672,180,0,674,690,692,698,666,670,132,48,164,684,112,620,690,680,138
"41500",30,584,696,24,488,26,618,688,32,510,590,584,26,54,24,20,614,578,654,394,50,742,22,578,594,18,26,36,26,26,36,582,728,26,28,614,24,28,36,34,592,20,26,618,36,600,614,58,34,30,568,448,506,582,602,54,28,30,544,710,474,524,344,506,632,30,148,20,98,30,610,472,732,24,382,36,546,674,0,26,24,34,22,30,578,704,560,48,614,100,34,32,560
"41501",32,594,710,24,494,20,634,692,26,510,602,596,26,60,26,30,626,592,666,398,78,758,26,590,612,44,28,38,40,28,52,594,740,32,36,630,22,36,38,40,604,24,30,634,32,608,626,74,30,24,574,456,518,584,610,42,16,40,544,728,476,536,348,514,656,38,150,32,108,28,628,476,748,36,386,52,550,690,26,0,42,42,22,34,588,718,566,50,626,106,26,16,562
"41502",30,604,718,34,500,38,644,710,40,520,614,606,32,48,34,36,636,602,668,408,68,770,30,596,622,34,34,28,26,34,34,606,754,28,38,640,36,28,42,32,612,26,32,644,34,618,632,76,40,34,580,466,528,594,622,56,30,26,556,738,486,542,358,524,664,32,150,26,106,34,638,482,760,12,392,38,560,692,24,42,0,30,26,32,602,730,576,48,636,108,28,42,572
"41503",48,618,720,58,512,58,648,718,60,532,624,618,36,42,54,56,648,614,676,424,88,768,50,610,636,54,54,32,48,40,40,610,752,26,62,652,50,46,60,42,624,48,44,652,34,630,640,96,68,54,592,472,540,606,626,58,34,24,568,734,500,552,374,536,668,46,136,50,92,34,644,496,758,38,412,40,574,698,34,42,30,0,48,56,614,728,588,54,648,130,32,54,578
"41504",22,564,684,14,464,10,604,670,12,486,576,566,26,62,14,16,596,562,642,374,68,736,16,562,584,32,12,36,18,28,46,566,720,34,18,600,12,14,28,36,576,14,14,608,36,580,596,58,16,10,544,438,492,554,582,52,26,42,518,702,448,506,328,488,626,22,160,16,116,32,598,452,724,24,366,40,522,666,22,22,26,48,0,16,558,696,536,46,596,86,36,14,534
"41505",34,580,694,22,480,18,612,678,24,496,588,576,32,66,14,24,608,572,638,388,76,746,34,566,594,36,26,48,26,38,58,578,722,40,26,608,24,22,34,40,582,14,20,616,52,594,604,64,20,22,556,454,504,566,598,62,34,54,534,702,462,520,338,500,636,38,170,18,130,50,602,462,736,36,376,50,536,670,30,34,32,56,16,0,570,710,552,64,604,96,44,22,552
"41700",580,98,132,570,124,562,92,122,566,128,112,98,592,590,572,562,90,84,114,210,566,176,588,124,90,590,568,614,586,596,608,78,190,604,564,90,582,570,542,578,106,566,578,100,600,96,86,538,550,572,94,148,124,86,64,582,596,612,102,154,138,124,266,122,94,572,624,574,646,602,100,150,162,592,224,590,110,132,578,588,602,614,558,570,0,134,92,586,86,510,602,568,92
"41701",710,156,40,710,238,706,126,106,712,232,142,154,738,702,714,704,130,156,116,342,676,46,712,164,118,712,712,744,722,734,718,150,68,726,708,122,722,700,688,700,150,710,724,134,724,142,126,668,684,718,174,264,228,166,130,688,724,736,192,64,258,208,402,214,110,708,684,716,724,724,122,274,36,726,360,704,192,48,704,718,730,728,696,710,134,0,178,708,130,652,724,712,126
"41702",558,52,162,544,72,540,78,140,544,68,86,60,572,582,550,540,66,70,122,170,544,218,562,68,78,564,546,588,560,574,578,62,216,578,540,78,560,554,524,548,70,544,556,96,574,72,72,512,526,550,50,110,76,54,54,558,570,586,26,176,82,68,244,72,96,558,606,550,632,580,80,110,204,566,186,570,46,164,560,566,576,588,536,552,92,178,0,560,76,480,576,548,74
"41703",42,590,702,50,488,54,628,686,56,512,590,590,56,54,52,52,620,586,656,404,88,744,44,584,610,62,54,56,46,58,54,590,732,46,66,624,48,58,64,54,600,52,52,628,50,606,624,80,58,50,568,446,516,586,606,66,42,46,542,714,478,530,356,516,652,46,148,54,102,46,622,470,734,38,388,46,548,684,48,50,48,54,46,64,586,708,560,0,628,112,48,62,554
"49308",626,56,104,604,138,600,50,80,604,118,60,50,632,634,614,604,40,66,98,222,590,158,620,84,52,612,606,648,624,634,626,60,164,638,602,38,620,610,582,598,78,604,620,64,634,42,14,564,582,610,64,166,126,48,48,616,630,646,84,124,144,106,290,96,74,614,648,610,680,644,72,164,152,626,244,628,88,112,614,626,636,648,596,604,86,130,76,628,0,540,636,608,76
"49703",106,508,636,94,410,84,548,610,96,434,520,506,108,136,90,84,536,502,584,338,108,684,90,500,534,106,98,124,102,106,122,514,672,114,88,544,96,94,88,96,516,88,92,550,118,524,542,46,80,90,484,382,438,506,530,126,110,122,464,654,398,454,290,436,568,98,230,86,186,122,542,386,678,98,320,118,464,620,100,106,108,130,86,96,510,652,480,112,540,0,112,90,498
"49706",34,604,716,42,504,42,644,702,44,520,612,606,28,42,40,44,636,602,668,416,84,764,28,600,622,42,46,24,42,38,38,606,748,30,46,640,40,34,56,34,614,34,36,644,30,618,628,80,44,38,584,466,528,594,622,48,14,26,554,730,486,538,366,524,668,48,134,42,100,26,638,486,754,28,400,54,560,690,34,26,28,32,36,44,602,724,576,48,636,112,0,34,564
"94659",32,574,702,20,476,8,616,680,18,492,586,578,26,68,16,22,606,574,650,384,82,752,28,572,594,48,24,42,32,28,60,578,738,36,26,610,22,24,26,36,586,16,22,616,36,588,606,58,18,12,556,450,500,566,594,52,28,44,530,720,458,518,334,496,638,32,166,20,124,36,608,458,742,36,372,60,532,680,32,16,42,54,14,22,568,712,548,62,608,90,34,0,552
"49300",554,72,116,550,124,542,80,116,548,118,82,66,576,552,554,550,80,66,116,218,560,170,552,120,90,560,552,580,564,570,566,90,170,564,550,92,558,544,530,550,104,548,562,106,566,90,68,518,532,554,58,154,130,64,70,534,566,574,74,126,128,102,286,114,78,552,572,554,592,564,90,154,156,562,232,564,86,138,560,562,572,578,534,552,92,126,74,554,76,498,564,552,0
